sensitive_feature_0,accuracy,false positive rate,false negative rate,selection rate,count
0,0.7972739073993942,0.18215699976706265,0.47112462006079026,0.20683686715707486,4622.0
1,0.7839420557867159,0.1957926122246149,0.48672566371681414,0.21790722761596548,6489.0
