sensitive_feature_0,accuracy,false positive rate,false negative rate,selection rate,count
0,0.828212894850714,0.13991163475699558,0.40875912408759124,0.1934227607096495,4622.0
1,0.855755894590846,0.12056616643929059,0.3664,0.16997996609647095,6489.0
